variable,PC1,PC2,PC3,PC4,PC5,PC6,PC7,PC8
industrial_production,0.5292755001513653,0.02012205493939821,-0.16367194755645598,0.043278646145676135,0.0025729207290581847,0.09349342681731415,0.6632817660945227,-0.4920474145880871
retail_sales,0.4750984072295491,-0.09296797272422921,-0.05144377393075224,0.16798160188637493,0.4258257451118171,0.6292360799510258,-0.28674618720576234,0.27438147469851504
real_personal_income,0.4263096837690159,0.07449633435043225,-0.559026485774752,-0.3648248337097786,0.08257698361757278,-0.49997482714488845,-0.31972500856267655,0.08991502378207869
mfg_new_orders,0.4194158570858496,-0.06951742603259833,0.264531734916562,0.6523537621541794,-0.3956506134471809,-0.33465097686846246,-0.2314841648594724,0.03999492101795349
housing_starts,0.355247847374949,-0.09792052024433608,0.6986424235003612,-0.602836960121286,-0.07973537993627096,-0.04523220476652906,-0.014723220392846329,0.06384705057755671
capacity_utilization,0.09846615829193608,0.5979220840097028,-0.06527892170425303,-0.023021404161236724,-0.30904307830372524,0.10488411176312323,0.34551429925245336,0.6341244691072888
unemployment_rate,0.021409194878867256,0.6008873382152562,0.01800869321378044,-0.09405301543045153,-0.27397525639952836,0.304443715279129,-0.44646387233151597,-0.5120814038949224
pmi_proxy,-0.012015395062298314,0.5023990869218113,0.30885351635784636,0.19610760994417428,0.6916499494355283,-0.35724253065796124,0.05565994703999315,-0.06709836456602905
