variable,PC1,PC2,PC3,PC4,PC5,PC6,PC7,PC8
industrial_production,0.529282047618152,0.02020515000382787,-0.16376253794540632,0.04439119367824346,0.0026768795117671465,0.09251395329388229,0.6620024295641265,-0.4938120139133611
retail_sales,0.47508354193551816,-0.09287448528561619,-0.05217406935747752,0.16764668873102267,0.4259914624204775,0.6293789552973215,-0.2856424986725168,0.27507122702124964
real_personal_income,0.42618012386881154,0.07459313709780696,-0.5597387066659051,-0.3650072658663259,0.08048299817280852,-0.4991552723324959,-0.3200727226330599,0.09049085796857485
mfg_new_orders,0.4194852135251476,-0.06953063786602005,0.26668646130395496,0.6523147456848819,-0.39313167497550544,-0.33571908345977947,-0.23144082961217796,0.04167463822583307
housing_starts,0.3553627257386783,-0.09788474193715833,0.6975453753509716,-0.6041402703574433,-0.0801237820224045,-0.043919296219286114,-0.01425549200232661,0.06347400595661523
capacity_utilization,0.0983180468075415,0.5979453764666874,-0.06501149646396867,-0.0224194322137739,-0.3090341242233506,0.10474968743271285,0.3474568484500782,0.6331389376228439
unemployment_rate,0.02148926369969683,0.6008527228966839,0.01854848624217605,-0.09215944996713739,-0.2746466807265538,0.30471217601849476,-0.4474467000606575,-0.5110655021912078
pmi_proxy,-0.012161672468713948,0.5024175013250969,0.3080430450142071,0.19286709590182569,0.6929223418124366,-0.3573640977585922,0.05487905643996863,-0.06692034695364242
