variable,PC1,PC2,PC3,PC4,PC5,PC6,PC7,PC8
industrial_production,-0.5292755001513655,-0.020122054939398455,-0.16367194755645667,0.043278646145676405,0.0025729207290585746,0.09349342681731385,0.6632817660945206,-0.49204741458808976
retail_sales,-0.4750984072295487,0.09296797272422945,-0.051443773930752515,0.16798160188637298,0.42582574511181853,0.6292360799510252,-0.28674618720575995,0.2743814746985172
real_personal_income,-0.42630968376901573,-0.07449633435043247,-0.5590264857747511,-0.36482483370978,0.08257698361757014,-0.4999748271448876,-0.3197250085626773,0.08991502378207913
mfg_new_orders,-0.4194158570858495,0.06951742603259843,0.2645317349165613,0.6523537621541812,-0.39565061344717745,-0.33465097686846246,-0.23148416485947254,0.03999492101795412
housing_starts,-0.3552478473749491,0.09792052024433613,0.6986424235003618,-0.6028369601212843,-0.07973537993627382,-0.045232204766528505,-0.014723220392845501,0.06384705057755603
capacity_utilization,-0.09846615829193608,-0.5979220840097024,-0.06527892170425337,-0.02302140416123522,-0.30904307830372546,0.10488411176312196,0.34551429925245597,0.6341244691072873
unemployment_rate,-0.021409194878867326,-0.6008873382152572,0.018008693213781034,-0.09405301543044899,-0.2739752563995277,0.3044437152791303,-0.44646387233151774,-0.5120814038949199
pmi_proxy,0.0120153950622984,-0.5023990869218106,0.3088535163578453,0.19610760994417073,0.6916499494355299,-0.3572425306579623,0.05565994703999293,-0.06709836456602898
